resource_path	relationship	source_id	title	author_compiler	edition	publisher	publication_place	year	language	page_range	source_location	source_sha256	rights_status	ocr_engine	ocr_date	transcription_status	reviewer	review_date	unresolved_count	resource_bytes	resource_sha256	notes
resources/erey-bixin/00-sources.md	project_metadata	SRC-SLS-INTERNAL	Somali Language Standard project metadata	SLS maintainers	not_applicable	Somali Language Standard	not_applicable	2026	English;Somali	not_applicable	repository	git_object	project_license	not_applicable	not_applicable	derived	unassigned	not_applicable	not_applicable	2732	d13ec2721fc71b0666ff909a2841c8f567dfe366998857316cc8cec5d257c71e	Project-authored collection metadata; not source-book text
resources/erey-bixin/01-bayoolaji.md	direct_transcription	SRC-EB-001	Qaamuuska eray-bixinta ee Bayoolaji	unknown	unknown	Xarunta Horumarinta Manaahijta; Wasaaradda Waxbarashada iyo Barbaarinta	unknown	1987	English;Somali	unknown	not_available_in_workspace	unavailable	unresolved	unknown	unknown	blocked	unassigned	not_applicable	unknown	34745	4ae6375579b973531b002af4db17856bdf58738613ea6292a1d4ed88383c863f	Exact source scan absent; page mapping and source verification blocked by M-100 and M-101
resources/erey-bixin/02-fisikis.md	direct_transcription	SRC-EB-002	Qaamuuska eray-bixinta ee Fisikis	unknown	unknown	Xarunta Horumarinta Manaahijta; Wasaaradda Waxbarashada iyo Barbaarinta	unknown	1987	English;Somali	unknown	not_available_in_workspace	unavailable	unresolved	unknown	unknown	blocked	unassigned	not_applicable	unknown	42952	e16e7f01e569b711aa923ff47361c81ab9ddd81b94e1646c358f43e3cd77c18c	Exact source scan absent; page mapping and source verification blocked by M-100 and M-101
resources/erey-bixin/03-juqraafi.md	direct_transcription	SRC-EB-003	Qaamuuska eray-bixinta ee Juqraafi	unknown	unknown	Xarunta Horumarinta Manaahijta; Wasaaradda Waxbarashada iyo Barbaarinta	unknown	1987	English;Somali	unknown	not_available_in_workspace	unavailable	unresolved	unknown	unknown	blocked	unassigned	not_applicable	unknown	26519	c5b1e8c93660020e92ffdf4ce8f519a20fac473e0e0a6b7ce1d9b931dd6d5f64	Exact source scan absent; page mapping and source verification blocked by M-100 and M-101
resources/erey-bixin/04-kimistari.md	direct_transcription	SRC-EB-004	Qaamuuska eray-bixinta ee Kimistari	unknown	unknown	Xarunta Horumarinta Manaahijta; Wasaaradda Waxbarashada iyo Barbaarinta	unknown	1987	English;Somali	unknown	not_available_in_workspace	unavailable	unresolved	unknown	unknown	blocked	unassigned	not_applicable	unknown	53502	92cc3e51dd757c52c13a1e02b66160e6c2bcbcfeefb61fd92e2d3946baec2b7e	Exact source scan absent; page mapping and source verification blocked by M-100 and M-101
resources/erey-bixin/05-xisaab.md	direct_transcription	SRC-EB-005	Qaamuuska eray-bixinta ee Xisaab	unknown	unknown	Xarunta Horumarinta Manaahijta; Wasaaradda Waxbarashada iyo Barbaarinta	unknown	1987	English;Somali	unknown	not_available_in_workspace	unavailable	unresolved	unknown	unknown	blocked	unassigned	not_applicable	unknown	46278	bd5291c38faef015473a7bb3e81c08262c094aa93c009922191824e6a16aa39a	Exact source scan absent; page mapping and source verification blocked by M-100 and M-101
resources/erey-bixin/05-xisaab.md	integrated_extract	SRC-EB-006	Diiwaanka Eraybixinta Af-Soomaaliga - Ururinta 2aad	Cabdalla Cumar Mansuur	unknown	Akademiye-Goboleedka Af-Soomaaliga; Centro Studi Somali, Università Roma Tre	unknown	2014	Somali;English	unknown	not_available_in_workspace	unavailable	unresolved	unknown	unknown	blocked	unassigned	not_applicable	unknown	46278	bd5291c38faef015473a7bb3e81c08262c094aa93c009922191824e6a16aa39a	Exact source scan absent; page mapping and source verification blocked by M-100 and M-101
resources/erey-bixin/06-wasaaradaha.md	direct_transcription	SRC-EB-007	Eraybixinta Af Soomaaliga ee Hawlaha Wasaaradaha	unknown	unknown	unknown	unknown	1972	Somali;English;Italian	unknown	not_available_in_workspace	unavailable	unresolved	unknown	unknown	blocked	unassigned	not_applicable	unknown	147940	715f1aacf95718b0cd740d80c43895957df51eb3e514c63a3d29c5cec0a68002	Exact source scan absent; page mapping and source verification blocked by M-100 and M-101
resources/erey-bixin/07-barbaarinta-jirka.md	direct_transcription	SRC-EB-008	Barbaarinta Jirka - Qaamuuska Ereybixinta	unknown	unknown	unknown	unknown	1984	Somali;English	unknown	not_available_in_workspace	unavailable	unresolved	unknown	unknown	blocked	unassigned	not_applicable	unknown	21227	2cd63a9cd7904fe62176ee026fa8b3bfd24da1adc39b79006090511e34f2b193	Exact source scan absent; page mapping and source verification blocked by M-100 and M-101
resources/erey-bixin/08-magacyada-dhirta.md	direct_transcription	SRC-EB-009	Magacyada dhirta Soomaaliyeed	unknown	unknown	unknown	unknown	1985	Scientific names;English;Somali	unknown	not_available_in_workspace	unavailable	unresolved	unknown	unknown	blocked	unassigned	not_applicable	unknown	8891	f684455f4c487f7d72fa51f05680af2120a7061cf1acc823e772e75e96ea6cdb	Exact source scan absent; page mapping and source verification blocked by M-100 and M-101
resources/erey-bixin/09-farsamada-culuunta.md	direct_transcription	SRC-EB-010	Diiwaanka Eraybixinta Af-Soomaaliga - Ururinta 3aad (farsamada iyo culuunta)	unknown	unknown	unknown	unknown	2014	Somali;English;Italian	unknown	not_available_in_workspace	unavailable	unresolved	unknown	unknown	blocked	unassigned	not_applicable	unknown	16132	9c588e546e90779107ab777ad23eac03457866f0cdcc713cc897ba39e39a13a4	Exact source scan absent; page mapping and source verification blocked by M-100 and M-101
resources/erey-bixin/README.md	project_metadata	SRC-SLS-INTERNAL	Somali Language Standard project metadata	SLS maintainers	not_applicable	Somali Language Standard	not_applicable	2026	English;Somali	not_applicable	repository	git_object	project_license	not_applicable	not_applicable	derived	unassigned	not_applicable	not_applicable	2818	4c47276315cc1d1cd2d6eb1623fcaf79843b1274164afc0a4a99a70aa748cc65	Project-authored collection metadata; not source-book text
resources/morphology/00-sources.md	project_metadata	SRC-SLS-INTERNAL	Somali Language Standard project metadata	SLS maintainers	not_applicable	Somali Language Standard	not_applicable	2026	English;Somali	not_applicable	repository	git_object	project_license	not_applicable	not_applicable	derived	unassigned	not_applicable	not_applicable	3835	c35c3cc8ae5ead3b88f0a825f107b9b0568816233473d6f141156d90383bec50	Project-authored collection metadata; not source-book text
resources/morphology/01-magacyada.md	derived_paradigm	S-003	Barashada Naxwaha Af Soomaaliga	Abdalla Omar Mansur; Annarita Puglielli	unknown	unknown	unknown	1998	Somali	unknown	not_available_in_workspace	unavailable	unresolved	unknown	unknown	blocked	unassigned	not_applicable	unknown	2515	0dcf9c3624d33c60295149b54da8a876481e0cb018adc471d770f588ccdb0674	Derived file; blocked until its upstream transcription is authenticated and derivation is verified
resources/morphology/02-falalka.md	derived_paradigm	S-003	Barashada Naxwaha Af Soomaaliga	Abdalla Omar Mansur; Annarita Puglielli	unknown	unknown	unknown	1998	Somali	unknown	not_available_in_workspace	unavailable	unresolved	unknown	unknown	blocked	unassigned	not_applicable	unknown	4406	47c15289585e6fc124186e6ffcf43a956d8d7737c1a19f1dfadd306d4da5a2cb	Derived file; blocked until its upstream transcription is authenticated and derivation is verified
resources/morphology/03-dhismaha-ereyga.md	derived_paradigm	S-003	Barashada Naxwaha Af Soomaaliga	Abdalla Omar Mansur; Annarita Puglielli	unknown	unknown	unknown	1998	Somali	unknown	not_available_in_workspace	unavailable	unresolved	unknown	unknown	blocked	unassigned	not_applicable	unknown	2453	f3d3b62a6dd16a341e33d5a34fce9a3beb6bdcec090695aec093621f5d7d7b8b	Derived file; blocked until its upstream transcription is authenticated and derivation is verified
resources/morphology/04-isbeddelka-codka.md	derived_paradigm	S-003	Barashada Naxwaha Af Soomaaliga	Abdalla Omar Mansur; Annarita Puglielli	unknown	unknown	unknown	1998	Somali	unknown	not_available_in_workspace	unavailable	unresolved	unknown	unknown	blocked	unassigned	not_applicable	unknown	2046	a3dda395bf3554d3529e7a9226325276cbee82de9b67cac40b1ab5a41b6b0683	Derived file; blocked until its upstream transcription is authenticated and derivation is verified
resources/morphology/README.md	project_metadata	SRC-SLS-INTERNAL	Somali Language Standard project metadata	SLS maintainers	not_applicable	Somali Language Standard	not_applicable	2026	English;Somali	not_applicable	repository	git_object	project_license	not_applicable	not_applicable	derived	unassigned	not_applicable	not_applicable	1878	60ed9258491b28fdc39159a968f6ef467e3477bdf73326d81e12769c98b4f426	Project-authored collection metadata; not source-book text
resources/naxwe/00-luqadda-iyo-fekerka.md	direct_transcription	S-003	Barashada Naxwaha Af Soomaaliga	Abdalla Omar Mansur; Annarita Puglielli	unknown	unknown	unknown	1998	Somali	unknown	not_available_in_workspace	unavailable	unresolved	unknown	unknown	blocked	unassigned	not_applicable	unknown	3477	d82c02ba85df80b88c0509ac4c794db45881298b753dc1038ed89c06c2bb1ce6	Exact source scan absent; page mapping and source verification blocked by M-100 and M-101
resources/naxwe/00-sources.md	project_metadata	SRC-SLS-INTERNAL	Somali Language Standard project metadata	SLS maintainers	not_applicable	Somali Language Standard	not_applicable	2026	English;Somali	not_applicable	repository	git_object	project_license	not_applicable	not_applicable	derived	unassigned	not_applicable	not_applicable	2653	b8128df2a8eeb58fe53eaa5ddae29a0f18b9f127afec1d8b3124494b64562e07	Project-authored collection metadata; not source-book text
resources/naxwe/01-ereyada.md	direct_transcription	S-003	Barashada Naxwaha Af Soomaaliga	Abdalla Omar Mansur; Annarita Puglielli	unknown	unknown	unknown	1998	Somali	unknown	not_available_in_workspace	unavailable	unresolved	unknown	unknown	blocked	unassigned	not_applicable	unknown	12058	8c5ee7e0d8ec63d278d47c11ceda3dcaa3dde7135be46901f0f1740b9c1cdb69	Exact source scan absent; page mapping and source verification blocked by M-100 and M-101
resources/naxwe/02-sarfaha-magacyada.md	direct_transcription	S-003	Barashada Naxwaha Af Soomaaliga	Abdalla Omar Mansur; Annarita Puglielli	unknown	unknown	unknown	1998	Somali	unknown	not_available_in_workspace	unavailable	unresolved	unknown	unknown	blocked	unassigned	not_applicable	unknown	11702	a9b96567872468cd5dc641da8495a4d99b24b8deb6728d2ca9337a001a7ed3cf	Exact source scan absent; page mapping and source verification blocked by M-100 and M-101
resources/naxwe/03-sarfaha-tifaftireyaasha.md	direct_transcription	S-003	Barashada Naxwaha Af Soomaaliga	Abdalla Omar Mansur; Annarita Puglielli	unknown	unknown	unknown	1998	Somali	unknown	not_available_in_workspace	unavailable	unresolved	unknown	unknown	blocked	unassigned	not_applicable	unknown	8364	686709b107dd27e4c41e710b676942d6e079718685ad1bb36d6879cfff455e84	Exact source scan absent; page mapping and source verification blocked by M-100 and M-101
resources/naxwe/04-sarfaha-magacuyaallada.md	direct_transcription	S-003	Barashada Naxwaha Af Soomaaliga	Abdalla Omar Mansur; Annarita Puglielli	unknown	unknown	unknown	1998	Somali	unknown	not_available_in_workspace	unavailable	unresolved	unknown	unknown	blocked	unassigned	not_applicable	unknown	6590	fed5d327f0051294e102dcd1f147c825582b302d605df82f9c382ee1294b8d4c	Exact source scan absent; page mapping and source verification blocked by M-100 and M-101
resources/naxwe/05-sarfaha-tirada.md	direct_transcription	S-003	Barashada Naxwaha Af Soomaaliga	Abdalla Omar Mansur; Annarita Puglielli	unknown	unknown	unknown	1998	Somali	unknown	not_available_in_workspace	unavailable	unresolved	unknown	unknown	blocked	unassigned	not_applicable	unknown	3147	ce957a438cc00a0e758f142d0dfc5f3df3b33a7d0239326fab0331e5d1895b78	Exact source scan absent; page mapping and source verification blocked by M-100 and M-101
resources/naxwe/06-sarfaha-iskuxireyaasha.md	direct_transcription	S-003	Barashada Naxwaha Af Soomaaliga	Abdalla Omar Mansur; Annarita Puglielli	unknown	unknown	unknown	1998	Somali	unknown	not_available_in_workspace	unavailable	unresolved	unknown	unknown	blocked	unassigned	not_applicable	unknown	7982	15a0bad00b9faa2189eee35569895aa4c3e5cf9661b407c326dde410fedfa713	Exact source scan absent; page mapping and source verification blocked by M-100 and M-101
resources/naxwe/07-sarfaha-falalka.md	direct_transcription	S-003	Barashada Naxwaha Af Soomaaliga	Abdalla Omar Mansur; Annarita Puglielli	unknown	unknown	unknown	1998	Somali	unknown	not_available_in_workspace	unavailable	unresolved	unknown	unknown	blocked	unassigned	not_applicable	unknown	16737	417566d983d4b9e6867ae212f3e7930f36ade5023d36adee2eb4c192cb5fa957	Exact source scan absent; page mapping and source verification blocked by M-100 and M-101
resources/naxwe/08-hogatuska-baradigmaha-falalka.md	direct_transcription	S-003	Barashada Naxwaha Af Soomaaliga	Abdalla Omar Mansur; Annarita Puglielli	unknown	unknown	unknown	1998	Somali	unknown	not_available_in_workspace	unavailable	unresolved	unknown	unknown	blocked	unassigned	not_applicable	unknown	5015	ace12dd10d36b338211d9ab294977b98ebc70c2733582f5cb6cda68ae46ecc72	Exact source scan absent; page mapping and source verification blocked by M-100 and M-101
resources/naxwe/09-weer-fudud.md	direct_transcription	S-003	Barashada Naxwaha Af Soomaaliga	Abdalla Omar Mansur; Annarita Puglielli	unknown	unknown	unknown	1998	Somali	unknown	not_available_in_workspace	unavailable	unresolved	unknown	unknown	blocked	unassigned	not_applicable	unknown	9454	3da14a0a9357212e1c45b0d9c73fe245f020ab40b3950de5a0ccf241f44b5e3a	Exact source scan absent; page mapping and source verification blocked by M-100 and M-101
resources/naxwe/10-dhismaha-oraah-magaceedyada.md	direct_transcription	S-003	Barashada Naxwaha Af Soomaaliga	Abdalla Omar Mansur; Annarita Puglielli	unknown	unknown	unknown	1998	Somali	unknown	not_available_in_workspace	unavailable	unresolved	unknown	unknown	blocked	unassigned	not_applicable	unknown	5301	31d0ae5912434268617a691a4ef8331f07fcccf5ec2c438dd0c6c50a41957491	Exact source scan absent; page mapping and source verification blocked by M-100 and M-101
resources/naxwe/11-weerta-adag.md	direct_transcription	S-003	Barashada Naxwaha Af Soomaaliga	Abdalla Omar Mansur; Annarita Puglielli	unknown	unknown	unknown	1998	Somali	unknown	not_available_in_workspace	unavailable	unresolved	unknown	unknown	blocked	unassigned	not_applicable	unknown	9675	1682268e2ecea74fe130839d2631bb2970aabe51b6b4bc2d53bafcfd338aa9eb	Exact source scan absent; page mapping and source verification blocked by M-100 and M-101
resources/naxwe/12-noocyada-weeraha.md	direct_transcription	S-003	Barashada Naxwaha Af Soomaaliga	Abdalla Omar Mansur; Annarita Puglielli	unknown	unknown	unknown	1998	Somali	unknown	not_available_in_workspace	unavailable	unresolved	unknown	unknown	blocked	unassigned	not_applicable	unknown	10588	4baae5d5854cced3d5d6bc44d5c2c5d0082a0e0a696131454bdec40d40507cce	Exact source scan absent; page mapping and source verification blocked by M-100 and M-101
resources/naxwe/13-aasaaska-naxwaha.md	direct_transcription	SRC-NAX-013	Aasaaska Naxwaha Af Soomaaliga	Guddiga Af Soomaaliga	unknown	unknown	unknown	1973	Somali	unknown	not_available_in_workspace	unavailable	unresolved	unknown	unknown	blocked	unassigned	not_applicable	unknown	29967	60f5724a453003667115d813f8866382835ce67d0081d70901a1ce95b48c6206	Exact source scan absent; page mapping and source verification blocked by M-100 and M-101
resources/naxwe/14-naxwaha-cusub.md	direct_transcription	SRC-NAX-014	Naxwaha Cusub ee Af Soomaaliga	unknown	unknown	unknown	unknown	unknown	Somali	unknown	not_available_in_workspace	unavailable	unresolved	unknown	unknown	blocked	unassigned	not_applicable	unknown	81474	9a89915b12ebedd46b60bd59e33b7ecf769d1eeb04f12ac10590524df2609890	Exact source scan absent; page mapping and source verification blocked by M-100 and M-101
resources/naxwe/15-naxwaha-sifayneed.md	direct_transcription	SRC-NAX-015	Naxwaha Sifayneed ee Af Soomaaliga	unknown	unknown	unknown	unknown	unknown	Somali	unknown	not_available_in_workspace	unavailable	unresolved	unknown	unknown	blocked	unassigned	not_applicable	unknown	247686	6d929f3abec5bfa2a10912f6c9546e2d74b0f3550fcef34de49525af9e076b04	Exact source scan absent; page mapping and source verification blocked by M-100 and M-101
resources/naxwe/16-weeraynta-soomaaliga.md	direct_transcription	SRC-NAX-016	WEEraynta Soomaaliga (Xilliyada 5aad)	unknown	unknown	unknown	unknown	unknown	Somali	unknown	not_available_in_workspace	unavailable	unresolved	unknown	unknown	blocked	unassigned	not_applicable	unknown	27820	62e30e18120cdca44bbee1e3b06d4a24ed323f3ccfe33f73de0011434d0be0d2	Exact source scan absent; page mapping and source verification blocked by M-100 and M-101
resources/naxwe/17-naxwaha-af-soomaaliga.md	direct_transcription	SRC-NAX-017	Naxwaha Af Soomaaliga	Jaalle Shire Jaamac Axmed	unknown	unknown	unknown	unknown	Somali	unknown	not_available_in_workspace	unavailable	unresolved	unknown	unknown	blocked	unassigned	not_applicable	unknown	214253	45ed024278ae9fd58ada79597bf57c2c6dd735de948b1d987d95cf1593f42ced	Exact source scan absent; page mapping and source verification blocked by M-100 and M-101
resources/naxwe/ereyfur.tsv	direct_transcription	S-003	Barashada Naxwaha Af Soomaaliga	Abdalla Omar Mansur; Annarita Puglielli	unknown	unknown	unknown	1998	Somali	unknown	not_available_in_workspace	unavailable	unresolved	unknown	unknown	blocked	unassigned	not_applicable	unknown	10004	8eb14e4e095ef660488612278c70563834f0135291c42e2207304ac5c7cfa541	Exact source scan absent; page mapping and source verification blocked by M-100 and M-101
resources/naxwe/README.md	project_metadata	SRC-SLS-INTERNAL	Somali Language Standard project metadata	SLS maintainers	not_applicable	Somali Language Standard	not_applicable	2026	English;Somali	not_applicable	repository	git_object	project_license	not_applicable	not_applicable	derived	unassigned	not_applicable	not_applicable	1580	f4e7db02d4b251ea5f4548b7d870bbe2419283ba91e2eae74349fc8029bf3c83	Project-authored collection metadata; not source-book text
resources/orthography/00-sources.md	project_metadata	SRC-SLS-INTERNAL	Somali Language Standard project metadata	SLS maintainers	not_applicable	Somali Language Standard	not_applicable	2026	English;Somali	not_applicable	repository	git_object	project_license	not_applicable	not_applicable	derived	unassigned	not_applicable	not_applicable	2481	ba6d5c7c9119bcb94e42cdbcc3e1cd6bccaffaddda1cdf6dc8316f1a5fc9b1d1	Project-authored collection metadata; not source-book text
resources/orthography/01-hadal-iyo-qoraal.md	direct_transcription	SRC-ORT-001	Habka Qoraalka	Maxamed Xaaji Xuseen Raabi	unknown	Kulliyadda Waxbarashada ee Lafoole (Jaamacadda Ummadda Soomaaliyeed)	unknown	1977	Somali	unknown	not_available_in_workspace	unavailable	unresolved	unknown	unknown	blocked	unassigned	not_applicable	unknown	4537	7a0066231e68344a7731b6d9b47284d264b45394f5a41e9fa63ff5ef277e1b0f	Exact source scan absent; page mapping and source verification blocked by M-100 and M-101
resources/orthography/02-eray-kooban-hadalka.md	direct_transcription	SRC-ORT-001	Habka Qoraalka	Maxamed Xaaji Xuseen Raabi	unknown	Kulliyadda Waxbarashada ee Lafoole (Jaamacadda Ummadda Soomaaliyeed)	unknown	1977	Somali	unknown	not_available_in_workspace	unavailable	unresolved	unknown	unknown	blocked	unassigned	not_applicable	unknown	5756	e56c608990f3dada0685a634da0b3a5897b301a4b03445f87cba9c50ab321f72	Exact source scan absent; page mapping and source verification blocked by M-100 and M-101
resources/orthography/03-kala-qoridda-adag.md	direct_transcription	SRC-ORT-001	Habka Qoraalka	Maxamed Xaaji Xuseen Raabi	unknown	Kulliyadda Waxbarashada ee Lafoole (Jaamacadda Ummadda Soomaaliyeed)	unknown	1977	Somali	unknown	not_available_in_workspace	unavailable	unresolved	unknown	unknown	blocked	unassigned	not_applicable	unknown	3836	0ba92bad8be57fcea787dc77e61e4bdee022910492f82cd9771cfa73a882ed59	Exact source scan absent; page mapping and source verification blocked by M-100 and M-101
resources/orthography/04-kala-qoridda-lama-qasban.md	direct_transcription	SRC-ORT-001	Habka Qoraalka	Maxamed Xaaji Xuseen Raabi	unknown	Kulliyadda Waxbarashada ee Lafoole (Jaamacadda Ummadda Soomaaliyeed)	unknown	1977	Somali	unknown	not_available_in_workspace	unavailable	unresolved	unknown	unknown	blocked	unassigned	not_applicable	unknown	4594	9565daada60d2ed71e227d865137abee55de0eb7be54a8781dca47ad83a396bb	Exact source scan absent; page mapping and source verification blocked by M-100 and M-101
resources/orthography/05-astaamaynta.md	direct_transcription	SRC-ORT-001	Habka Qoraalka	Maxamed Xaaji Xuseen Raabi	unknown	Kulliyadda Waxbarashada ee Lafoole (Jaamacadda Ummadda Soomaaliyeed)	unknown	1977	Somali	unknown	not_available_in_workspace	unavailable	unresolved	unknown	unknown	blocked	unassigned	not_applicable	unknown	10920	1bbbaeefdb357fc725cd4ff05cb3debb40dc4361345e6e8fd5c884ec80f6b853	Exact source scan absent; page mapping and source verification blocked by M-100 and M-101
resources/orthography/06-xarafka-weyn.md	source_summary	SRC-ORT-002	Beginner's Somali Grammar §2.3 (Capital letters)	Morgan Nilsson	August preliminary	unknown	unknown	2024	English	unknown	not_available_in_workspace	unavailable	unresolved	unknown	unknown	blocked	unassigned	not_applicable	unknown	2954	6f55af16fe19fb1b7f9fe1fd8dd5b4644e77fb4ed1f728f7f04820c00cd4b966	Exact source scan absent; page mapping and source verification blocked by M-100 and M-101
resources/orthography/README.md	project_metadata	SRC-SLS-INTERNAL	Somali Language Standard project metadata	SLS maintainers	not_applicable	Somali Language Standard	not_applicable	2026	English;Somali	not_applicable	repository	git_object	project_license	not_applicable	not_applicable	derived	unassigned	not_applicable	not_applicable	2873	b822fbace26a5d29fc8ffe8044c226c9f0d8f3fa14fec5959d78d1776823069d	Project-authored collection metadata; not source-book text
resources/phonology/00-sources.md	project_metadata	SRC-SLS-INTERNAL	Somali Language Standard project metadata	SLS maintainers	not_applicable	Somali Language Standard	not_applicable	2026	English;Somali	not_applicable	repository	git_object	project_license	not_applicable	not_applicable	derived	unassigned	not_applicable	not_applicable	3229	38e73d6523d4ff399fdc857ff9dddc669b52528afc42493f08443db1a8381611	Project-authored collection metadata; not source-book text
resources/phonology/01-hordhac.md	direct_transcription	SRC-PHO-001	Codaynta Af Soomaaliga	Maxamed Xaaji Xuseen Raabi	unknown	Kulliyadda Waxbarashada ee Lafoole (Jaamacadda Ummadda Soomaaliyeed)	unknown	1977	Somali	unknown	not_available_in_workspace	unavailable	unresolved	unknown	unknown	blocked	unassigned	not_applicable	unknown	2537	d71d7f0bd136f1a870ba9ba237e2f843324b00bfbd31175bb26d79a6afec1aea	Exact source scan absent; page mapping and source verification blocked by M-100 and M-101
resources/phonology/02-xubnaha-hadalka.md	direct_transcription	SRC-PHO-001	Codaynta Af Soomaaliga	Maxamed Xaaji Xuseen Raabi	unknown	Kulliyadda Waxbarashada ee Lafoole (Jaamacadda Ummadda Soomaaliyeed)	unknown	1977	Somali	unknown	not_available_in_workspace	unavailable	unresolved	unknown	unknown	blocked	unassigned	not_applicable	unknown	4876	3bda89e89a5d14cb1115d40771610b27438e0463087159b8ae6e1b3b8c1372ce	Exact source scan absent; page mapping and source verification blocked by M-100 and M-101
resources/phonology/03-shibbanayaasha.md	direct_transcription	SRC-PHO-001	Codaynta Af Soomaaliga	Maxamed Xaaji Xuseen Raabi	unknown	Kulliyadda Waxbarashada ee Lafoole (Jaamacadda Ummadda Soomaaliyeed)	unknown	1977	Somali	unknown	not_available_in_workspace	unavailable	unresolved	unknown	unknown	blocked	unassigned	not_applicable	unknown	10360	99abfd4b2806aadeb18ffcdbd46421ba453a46e6e74a8a779720067b2251445d	Exact source scan absent; page mapping and source verification blocked by M-100 and M-101
resources/phonology/04-shaqaallada.md	direct_transcription	SRC-PHO-001	Codaynta Af Soomaaliga	Maxamed Xaaji Xuseen Raabi	unknown	Kulliyadda Waxbarashada ee Lafoole (Jaamacadda Ummadda Soomaaliyeed)	unknown	1977	Somali	unknown	not_available_in_workspace	unavailable	unresolved	unknown	unknown	blocked	unassigned	not_applicable	unknown	7704	9c831abf360260cf40e19c83fa742c6e1276442759b8fa2e91766389f0b64aae	Exact source scan absent; page mapping and source verification blocked by M-100 and M-101
resources/phonology/05-codadka-sare.md	direct_transcription	SRC-PHO-001	Codaynta Af Soomaaliga	Maxamed Xaaji Xuseen Raabi	unknown	Kulliyadda Waxbarashada ee Lafoole (Jaamacadda Ummadda Soomaaliyeed)	unknown	1977	Somali	unknown	not_available_in_workspace	unavailable	unresolved	unknown	unknown	blocked	unassigned	not_applicable	unknown	7411	fb658ed7bfd888457b517e2ef06064079803261650a8413627471ebadfa0070c	Exact source scan absent; page mapping and source verification blocked by M-100 and M-101
resources/phonology/06-lahjadaha.md	direct_transcription	SRC-PHO-001	Codaynta Af Soomaaliga	Maxamed Xaaji Xuseen Raabi	unknown	Kulliyadda Waxbarashada ee Lafoole (Jaamacadda Ummadda Soomaaliyeed)	unknown	1977	Somali	unknown	not_available_in_workspace	unavailable	unresolved	unknown	unknown	blocked	unassigned	not_applicable	unknown	4353	9f1edbfe4fd4944c21c5c8e80e31e9f5b886b1144dbff9f9e9563777996023dc	Exact source scan absent; page mapping and source verification blocked by M-100 and M-101
resources/phonology/07-xuruufta-caalamiga.md	direct_transcription	SRC-PHO-001	Codaynta Af Soomaaliga	Maxamed Xaaji Xuseen Raabi	unknown	Kulliyadda Waxbarashada ee Lafoole (Jaamacadda Ummadda Soomaaliyeed)	unknown	1977	Somali	unknown	not_available_in_workspace	unavailable	unresolved	unknown	unknown	blocked	unassigned	not_applicable	unknown	5055	04579e6bd65ea8bde25cb1a430a26203bd0be9516234117e7f1d9a6750e09f05	Exact source scan absent; page mapping and source verification blocked by M-100 and M-101
resources/phonology/08-gariirka-iyo-spread-glottis.md	source_summary	SRC-PHO-002	Phonation in Somali phonology	Martin Orwin	unknown	unknown	unknown	c. 1990s	English	unknown	not_available_in_workspace	unavailable	unresolved	unknown	unknown	blocked	unassigned	not_applicable	unknown	3866	2c766491c3243c1a6ad7ddaf5c5ba736e2ee2e1bf23794b7c86c1218c3aee598	Exact source scan absent; page mapping and source verification blocked by M-100 and M-101
resources/phonology/README.md	project_metadata	SRC-SLS-INTERNAL	Somali Language Standard project metadata	SLS maintainers	not_applicable	Somali Language Standard	not_applicable	2026	English;Somali	not_applicable	repository	git_object	project_license	not_applicable	not_applicable	derived	unassigned	not_applicable	not_applicable	2836	ecbbe8c68dd92cfd30e6f41d0b3124905649e99480a76da3e65a8e24c3b5244e	Project-authored collection metadata; not source-book text
resources/qaamuus/00-abbreviations.md	direct_transcription	SRC-QAA-001	Qaamuuska Af-Soomaaliga	unknown	unknown	unknown	unknown	unknown	Somali;Italian;English	unknown	not_available_in_workspace	unavailable	unresolved	unknown	unknown	blocked	unassigned	not_applicable	unknown	3352	3a22f7f8d2a99e63e476c552a1dbf1cf42fc5f805597fd3d2b12695f5537216f	Exact source scan absent; page mapping and source verification blocked by M-100 and M-101
resources/qaamuus/00-sources.md	project_metadata	SRC-SLS-INTERNAL	Somali Language Standard project metadata	SLS maintainers	not_applicable	Somali Language Standard	not_applicable	2026	English;Somali	not_applicable	repository	git_object	project_license	not_applicable	not_applicable	derived	unassigned	not_applicable	not_applicable	1698	673cfba3cfb674fe2c2d858ce76a3f54cb6bafe1b7ce342c86e99e205b3719a7	Project-authored collection metadata; not source-book text
resources/qaamuus/01-b.md	direct_transcription	SRC-QAA-001	Qaamuuska Af-Soomaaliga	unknown	unknown	unknown	unknown	unknown	Somali;Italian;English	unknown	not_available_in_workspace	unavailable	unresolved	unknown	unknown	blocked	unassigned	not_applicable	unknown	257321	57fd94c721cb4f702d0df7c8e3304eeee2549aca1bf5ed9d7cbe60391b62c46d	Exact source scan absent; page mapping and source verification blocked by M-100 and M-101
resources/qaamuus/02-t.md	direct_transcription	SRC-QAA-001	Qaamuuska Af-Soomaaliga	unknown	unknown	unknown	unknown	unknown	Somali;Italian;English	unknown	not_available_in_workspace	unavailable	unresolved	unknown	unknown	blocked	unassigned	not_applicable	unknown	134683	ddc9ca22fa480047700290c218dfca1789c42d83691b7b1fc2433f5629599a4e	Exact source scan absent; page mapping and source verification blocked by M-100 and M-101
resources/qaamuus/03-j.md	direct_transcription	SRC-QAA-001	Qaamuuska Af-Soomaaliga	unknown	unknown	unknown	unknown	unknown	Somali;Italian;English	unknown	not_available_in_workspace	unavailable	unresolved	unknown	unknown	blocked	unassigned	not_applicable	unknown	116931	6edd37798279d073f9eec5a626ec34649de38bd86f67afc22e22b45def336dc8	Exact source scan absent; page mapping and source verification blocked by M-100 and M-101
resources/qaamuus/04-x.md	direct_transcription	SRC-QAA-001	Qaamuuska Af-Soomaaliga	unknown	unknown	unknown	unknown	unknown	Somali;Italian;English	unknown	not_available_in_workspace	unavailable	unresolved	unknown	unknown	blocked	unassigned	not_applicable	unknown	137733	071b127b41d2ef95e29455048b38269950fddb098cceb356d56a28e23f3a38ee	Exact source scan absent; page mapping and source verification blocked by M-100 and M-101
resources/qaamuus/05-kh.md	direct_transcription	SRC-QAA-001	Qaamuuska Af-Soomaaliga	unknown	unknown	unknown	unknown	unknown	Somali;Italian;English	unknown	not_available_in_workspace	unavailable	unresolved	unknown	unknown	blocked	unassigned	not_applicable	unknown	23995	097b837143ddd3e8283e0a159d80eb6298a5e76d8f666fafa1f8bcbb46002cf0	Exact source scan absent; page mapping and source verification blocked by M-100 and M-101
resources/qaamuus/06-d.md	direct_transcription	SRC-QAA-001	Qaamuuska Af-Soomaaliga	unknown	unknown	unknown	unknown	unknown	Somali;Italian;English	unknown	not_available_in_workspace	unavailable	unresolved	unknown	unknown	blocked	unassigned	not_applicable	unknown	275571	dd7aa06180fa8a1bafce218eab3dec71c4a2a72b95aaa15201ab7422a144a235	Exact source scan absent; page mapping and source verification blocked by M-100 and M-101
resources/qaamuus/07-r.md	direct_transcription	SRC-QAA-001	Qaamuuska Af-Soomaaliga	unknown	unknown	unknown	unknown	unknown	Somali;Italian;English	unknown	not_available_in_workspace	unavailable	unresolved	unknown	unknown	blocked	unassigned	not_applicable	unknown	86749	7daa0523dd3996086a5dfd87e4e3bf20c366f44ebd4db6cb2ec9a95faf9a9ddd	Exact source scan absent; page mapping and source verification blocked by M-100 and M-101
resources/qaamuus/08-s.md	direct_transcription	SRC-QAA-001	Qaamuuska Af-Soomaaliga	unknown	unknown	unknown	unknown	unknown	Somali;Italian;English	unknown	not_available_in_workspace	unavailable	unresolved	unknown	unknown	blocked	unassigned	not_applicable	unknown	185214	69703c5e6535845c9f72d65c7b10f3a9206214088ad1938aa41623ab24e17554	Exact source scan absent; page mapping and source verification blocked by M-100 and M-101
resources/qaamuus/09-sh.md	direct_transcription	SRC-QAA-001	Qaamuuska Af-Soomaaliga	unknown	unknown	unknown	unknown	unknown	Somali;Italian;English	unknown	not_available_in_workspace	unavailable	unresolved	unknown	unknown	blocked	unassigned	not_applicable	unknown	75140	665bc54db2e330a0659938dc766ed12bfa94b256ebc45096b378e4ee46c2aa12	Exact source scan absent; page mapping and source verification blocked by M-100 and M-101
resources/qaamuus/10-dh.md	direct_transcription	SRC-QAA-001	Qaamuuska Af-Soomaaliga	unknown	unknown	unknown	unknown	unknown	Somali;Italian;English	unknown	not_available_in_workspace	unavailable	unresolved	unknown	unknown	blocked	unassigned	not_applicable	unknown	199768	f2a2eaa8601d7f4e3d9a8a337691bd3ca2a0093e544df29b68871cfb32f8d6b2	Exact source scan absent; page mapping and source verification blocked by M-100 and M-101
resources/qaamuus/11-c.md	direct_transcription	SRC-QAA-001	Qaamuuska Af-Soomaaliga	unknown	unknown	unknown	unknown	unknown	Somali;Italian;English	unknown	not_available_in_workspace	unavailable	unresolved	unknown	unknown	blocked	unassigned	not_applicable	unknown	210192	bf55aa12c3ab66af57f5d968a9e82bcc917c71950785690f4aceb824d48d15c7	Exact source scan absent; page mapping and source verification blocked by M-100 and M-101
resources/qaamuus/12-g.md	direct_transcription	SRC-QAA-001	Qaamuuska Af-Soomaaliga	unknown	unknown	unknown	unknown	unknown	Somali;Italian;English	unknown	not_available_in_workspace	unavailable	unresolved	unknown	unknown	blocked	unassigned	not_applicable	unknown	216447	ac63d75b3a6d5678ee071a5eec2a3f0b4fd78a4edb9b40559cbebdc8286a7583	Exact source scan absent; page mapping and source verification blocked by M-100 and M-101
resources/qaamuus/13-f.md	direct_transcription	SRC-QAA-001	Qaamuuska Af-Soomaaliga	unknown	unknown	unknown	unknown	unknown	Somali;Italian;English	unknown	not_available_in_workspace	unavailable	unresolved	unknown	unknown	blocked	unassigned	not_applicable	unknown	154049	2412066ac777a77e71b87c445a01346650f6f2140e7222dded9cda9bc2e05376	Exact source scan absent; page mapping and source verification blocked by M-100 and M-101
resources/qaamuus/14-q.md	direct_transcription	SRC-QAA-001	Qaamuuska Af-Soomaaliga	unknown	unknown	unknown	unknown	unknown	Somali;Italian;English	unknown	not_available_in_workspace	unavailable	unresolved	unknown	unknown	blocked	unassigned	not_applicable	unknown	191084	e240d9f48c27404f12b6ffed4cd46521b72ce7cb5d726ca88383db0a00decaca	Exact source scan absent; page mapping and source verification blocked by M-100 and M-101
resources/qaamuus/15-k.md	direct_transcription	SRC-QAA-001	Qaamuuska Af-Soomaaliga	unknown	unknown	unknown	unknown	unknown	Somali;Italian;English	unknown	not_available_in_workspace	unavailable	unresolved	unknown	unknown	blocked	unassigned	not_applicable	unknown	155160	6caaf3fa2f9f01a47d01660fb21b01ed9b42c505d4f296d0f3eddd6946d76484	Exact source scan absent; page mapping and source verification blocked by M-100 and M-101
resources/qaamuus/16-l.md	direct_transcription	SRC-QAA-001	Qaamuuska Af-Soomaaliga	unknown	unknown	unknown	unknown	unknown	Somali;Italian;English	unknown	not_available_in_workspace	unavailable	unresolved	unknown	unknown	blocked	unassigned	not_applicable	unknown	99380	7cf7ddc7f8d74c1319c85494b42c872eb47bab2d6b37ff51863bf32a59982991	Exact source scan absent; page mapping and source verification blocked by M-100 and M-101
resources/qaamuus/17-m.md	direct_transcription	SRC-QAA-001	Qaamuuska Af-Soomaaliga	unknown	unknown	unknown	unknown	unknown	Somali;Italian;English	unknown	not_available_in_workspace	unavailable	unresolved	unknown	unknown	blocked	unassigned	not_applicable	unknown	291704	b910e27fd609fc5bdef313689e910ee1bc184ef623ba5589175f005c99127c03	Exact source scan absent; page mapping and source verification blocked by M-100 and M-101
resources/qaamuus/18-n.md	direct_transcription	SRC-QAA-001	Qaamuuska Af-Soomaaliga	unknown	unknown	unknown	unknown	unknown	Somali;Italian;English	unknown	not_available_in_workspace	unavailable	unresolved	unknown	unknown	blocked	unassigned	not_applicable	unknown	76411	9e67e538c0857937d4ba24c01874cd41cb392a487ef0ded45c13377d63a322ab	Exact source scan absent; page mapping and source verification blocked by M-100 and M-101
resources/qaamuus/19-w.md	direct_transcription	SRC-QAA-001	Qaamuuska Af-Soomaaliga	unknown	unknown	unknown	unknown	unknown	Somali;Italian;English	unknown	not_available_in_workspace	unavailable	unresolved	unknown	unknown	blocked	unassigned	not_applicable	unknown	87269	3fa7fcf6d697069d5d991b942c9046718b01a20cf8453b773199f1dea629ca66	Exact source scan absent; page mapping and source verification blocked by M-100 and M-101
resources/qaamuus/20-h.md	direct_transcription	SRC-QAA-001	Qaamuuska Af-Soomaaliga	unknown	unknown	unknown	unknown	unknown	Somali;Italian;English	unknown	not_available_in_workspace	unavailable	unresolved	unknown	unknown	blocked	unassigned	not_applicable	unknown	194631	c2c10918bcb573bfc6863110d76d0d914e958d990b9edc840d1272fd3dcaba6f	Exact source scan absent; page mapping and source verification blocked by M-100 and M-101
resources/qaamuus/21-y.md	direct_transcription	SRC-QAA-001	Qaamuuska Af-Soomaaliga	unknown	unknown	unknown	unknown	unknown	Somali;Italian;English	unknown	not_available_in_workspace	unavailable	unresolved	unknown	unknown	blocked	unassigned	not_applicable	unknown	24687	effcc4e2587e30b428e2050709a6b56987af189477b48d1601b69d7dfebfba79	Exact source scan absent; page mapping and source verification blocked by M-100 and M-101
resources/qaamuus/22-a.md	direct_transcription	SRC-QAA-001	Qaamuuska Af-Soomaaliga	unknown	unknown	unknown	unknown	unknown	Somali;Italian;English	unknown	not_available_in_workspace	unavailable	unresolved	unknown	unknown	blocked	unassigned	not_applicable	unknown	173437	7a48a5f08ea51797e618dc620b37d4d3b267a904d07587e4fbbe1d277cd9d3af	Exact source scan absent; page mapping and source verification blocked by M-100 and M-101
resources/qaamuus/23-e.md	direct_transcription	SRC-QAA-001	Qaamuuska Af-Soomaaliga	unknown	unknown	unknown	unknown	unknown	Somali;Italian;English	unknown	not_available_in_workspace	unavailable	unresolved	unknown	unknown	blocked	unassigned	not_applicable	unknown	19133	d796d4f42e3d3acbeed94e65ef1699107e78b31ccd3698f084523591bda4c076	Exact source scan absent; page mapping and source verification blocked by M-100 and M-101
resources/qaamuus/24-i.md	direct_transcription	SRC-QAA-001	Qaamuuska Af-Soomaaliga	unknown	unknown	unknown	unknown	unknown	Somali;Italian;English	unknown	not_available_in_workspace	unavailable	unresolved	unknown	unknown	blocked	unassigned	not_applicable	unknown	101816	ab5ff6cb81788934f1bc481eceef77e8b5217d4ab85045b75b12510ca480681e	Exact source scan absent; page mapping and source verification blocked by M-100 and M-101
resources/qaamuus/25-o.md	direct_transcription	SRC-QAA-001	Qaamuuska Af-Soomaaliga	unknown	unknown	unknown	unknown	unknown	Somali;Italian;English	unknown	not_available_in_workspace	unavailable	unresolved	unknown	unknown	blocked	unassigned	not_applicable	unknown	21787	e6af93ae62755c1154bc2c561e96647a9f2474e3c2c64624f51410902eac5f06	Exact source scan absent; page mapping and source verification blocked by M-100 and M-101
resources/qaamuus/26-u.md	direct_transcription	SRC-QAA-001	Qaamuuska Af-Soomaaliga	unknown	unknown	unknown	unknown	unknown	Somali;Italian;English	unknown	not_available_in_workspace	unavailable	unresolved	unknown	unknown	blocked	unassigned	not_applicable	unknown	31937	c37157a8eedfcaf015cf666664b5815d6a7a51655a53045fb1501288dbd74941	Exact source scan absent; page mapping and source verification blocked by M-100 and M-101
resources/qaamuus/27-aa.md	direct_transcription	SRC-QAA-001	Qaamuuska Af-Soomaaliga	unknown	unknown	unknown	unknown	unknown	Somali;Italian;English	unknown	not_available_in_workspace	unavailable	unresolved	unknown	unknown	blocked	unassigned	not_applicable	unknown	18308	9b91e8cead80c907a638b40853ce586b5e28d136936d03a462e50bddeda630c9	Exact source scan absent; page mapping and source verification blocked by M-100 and M-101
resources/qaamuus/28-ee.md	direct_transcription	SRC-QAA-001	Qaamuuska Af-Soomaaliga	unknown	unknown	unknown	unknown	unknown	Somali;Italian;English	unknown	not_available_in_workspace	unavailable	unresolved	unknown	unknown	blocked	unassigned	not_applicable	unknown	5461	82a0b15004f2dc2715b88954b6e144687e8e08d26c98f064a3763ef59eb4bf3c	Exact source scan absent; page mapping and source verification blocked by M-100 and M-101
resources/qaamuus/29-ii.md	direct_transcription	SRC-QAA-001	Qaamuuska Af-Soomaaliga	unknown	unknown	unknown	unknown	unknown	Somali;Italian;English	unknown	not_available_in_workspace	unavailable	unresolved	unknown	unknown	blocked	unassigned	not_applicable	unknown	3353	c6471ceed354577c63eb51fdfd1ae2b9077934547c4277e0f215bc9c59458bdc	Exact source scan absent; page mapping and source verification blocked by M-100 and M-101
resources/qaamuus/30-oo.md	direct_transcription	SRC-QAA-001	Qaamuuska Af-Soomaaliga	unknown	unknown	unknown	unknown	unknown	Somali;Italian;English	unknown	not_available_in_workspace	unavailable	unresolved	unknown	unknown	blocked	unassigned	not_applicable	unknown	9827	d72645f4c3d008d992aeb25728cf3196aa42c8965bbdb90966cce35ab897c7be	Exact source scan absent; page mapping and source verification blocked by M-100 and M-101
resources/qaamuus/31-uu.md	direct_transcription	SRC-QAA-001	Qaamuuska Af-Soomaaliga	unknown	unknown	unknown	unknown	unknown	Somali;Italian;English	unknown	not_available_in_workspace	unavailable	unresolved	unknown	unknown	blocked	unassigned	not_applicable	unknown	9375	b7853347765b90aadfe21b33ebe0bbd73119ca6789f6a11fb44174838c9d1c73	Exact source scan absent; page mapping and source verification blocked by M-100 and M-101
resources/qaamuus/README.md	project_metadata	SRC-SLS-INTERNAL	Somali Language Standard project metadata	SLS maintainers	not_applicable	Somali Language Standard	not_applicable	2026	English;Somali	not_applicable	repository	git_object	project_license	not_applicable	not_applicable	derived	unassigned	not_applicable	not_applicable	2034	b81f030f5810058d8a6bbe450fb29e884cdf380473e369bc4478ba48a83775b4	Project-authored collection metadata; not source-book text
resources/README.md	project_metadata	SRC-SLS-INTERNAL	Somali Language Standard project metadata	SLS maintainers	not_applicable	Somali Language Standard	not_applicable	2026	English;Somali	not_applicable	repository	git_object	project_license	not_applicable	not_applicable	derived	unassigned	not_applicable	not_applicable	7556	7937340421efae893c75b4a3635dfe2d9e026ae31774890192967b07587705ee	Project-authored collection metadata; not source-book text
resources/suugaan/00-sources.md	project_metadata	SRC-SLS-INTERNAL	Somali Language Standard project metadata	SLS maintainers	not_applicable	Somali Language Standard	not_applicable	2026	English;Somali	not_applicable	repository	git_object	project_license	not_applicable	not_applicable	derived	unassigned	not_applicable	not_applicable	3918	98ac7457fb7a47ee7621967b85acc92ef8ca39d3fe5ed555352f619f52bbb3d6	Project-authored collection metadata; not source-book text
resources/suugaan/01-maahmaahyada.md	direct_transcription	SRC-SUU-001	Qaamuuska Maahmaahyada Soomaalyeed	Georgi Kapchits	unknown	unknown	unknown	1998	Somali	unknown	not_available_in_workspace	unavailable	unresolved	unknown	unknown	blocked	unassigned	not_applicable	unknown	250096	8668abc073a27fa0ebd701e152c953e1f1095c49c58300e05e6f54b7be261c2d	Exact source scan absent; page mapping and source verification blocked by M-100 and M-101
resources/suugaan/02-murtida.md	direct_transcription	SRC-SUU-002	Qaamuuska Murtida	Maxamed Xuseen Hadi	unknown	unknown	unknown	1996	Somali	unknown	not_available_in_workspace	unavailable	unresolved	unknown	unknown	blocked	unassigned	not_applicable	unknown	7181	115ff2bc4184292848928c13666ccf3ee3c5390de13c9739c39bc7c6a0a5140f	Exact source scan absent; page mapping and source verification blocked by M-100 and M-101
resources/suugaan/03-xikmad-soomaali.md	direct_transcription	SRC-SUU-003	Xikmad Soomaali	Muuse Xaaji Ismaaciil Galaal	unknown	unknown	unknown	1956	Somali	unknown	not_available_in_workspace	unavailable	unresolved	unknown	unknown	blocked	unassigned	not_applicable	unknown	14113	66aa59dde9be12a4a04891dad9daec030ce0b156803756085825b8695f5997d0	Exact source scan absent; page mapping and source verification blocked by M-100 and M-101
resources/suugaan/04-sheekooyin-soomaaliyeed.md	direct_transcription	SRC-SUU-004	Sheekooyin Soomaaliyeed	Muuse Cumar Islaam	unknown	unknown	unknown	1973	Somali	unknown	not_available_in_workspace	unavailable	unresolved	unknown	unknown	blocked	unassigned	not_applicable	unknown	73986	f26f6530ba5e8076beac64820ebac1f45ad8ddbbf5362a46a883dca5798ecfff	Exact source scan absent; page mapping and source verification blocked by M-100 and M-101
resources/suugaan/05-sheekooyin-laysku-soo-ururshay.md	direct_transcription	SRC-SUU-005	Sheekooyin laysku soo ururshay	Maxamuud Maxamed Cilmi	unknown	unknown	unknown	1978	Somali	unknown	not_available_in_workspace	unavailable	unresolved	unknown	unknown	blocked	unassigned	not_applicable	unknown	64307	2250389e3da33f255a0a4d71ad079d99b9966c78892eca4e29cea84bfe88f475	Exact source scan absent; page mapping and source verification blocked by M-100 and M-101
resources/suugaan/06-sheekooyin-fogaan-iyo-dhowaan.md	direct_transcription	SRC-SUU-006	Sheekooyin fogaan iyo dhowaan ba leh	Maxamed Faarax Cabdillaahi	unknown	unknown	unknown	unknown	Somali	unknown	not_available_in_workspace	unavailable	unresolved	unknown	unknown	blocked	unassigned	not_applicable	unknown	79555	ef36d0622dc8b3d2e513dcdbc11225052a8181ab152f6268dc9bc7ad8a96851a	Exact source scan absent; page mapping and source verification blocked by M-100 and M-101
resources/suugaan/07-hal-ka-haleel.md	direct_transcription	SRC-SUU-007	Hal Ka Haleel	Maxamed Baashe X. Xasan	unknown	unknown	unknown	2004	Somali	unknown	not_available_in_workspace	unavailable	unresolved	unknown	unknown	blocked	unassigned	not_applicable	unknown	421207	c6c134e47441c6520a218eeda59944aca4d4c56118e42419810408d987f9277e	Exact source scan absent; page mapping and source verification blocked by M-100 and M-101
resources/suugaan/08-qiso-kalgacal.md	direct_transcription	SRC-SUU-008	Qiso kalgacal	M.A. Gurhan	unknown	unknown	unknown	1983	Somali	unknown	not_available_in_workspace	unavailable	unresolved	unknown	unknown	blocked	unassigned	not_applicable	unknown	117518	bbdc603f0e20f2e8d243ece26aaf958c0b086d2597055595759b09ff62543ffa	Exact source scan absent; page mapping and source verification blocked by M-100 and M-101
resources/suugaan/09-rooxaan.md	direct_transcription	SRC-SUU-009	Rooxaan	Jaalle Shire J. Axmed	unknown	unknown	unknown	1973	Somali	unknown	not_available_in_workspace	unavailable	unresolved	unknown	unknown	blocked	unassigned	not_applicable	unknown	24980	d1b2ebc5868e8b3c53104c3bb3d070faeadea7fd5bdd33f3103a84ee3c7f2d82	Exact source scan absent; page mapping and source verification blocked by M-100 and M-101
resources/suugaan/10-dhaartii-dhabta-ahayd.md	direct_transcription	SRC-SUU-010	Dhaartii dhabta ahayd	Maxamed Nuur Xasan (Shareeco)	unknown	unknown	unknown	unknown	Somali	unknown	not_available_in_workspace	unavailable	unresolved	unknown	unknown	blocked	unassigned	not_applicable	unknown	84593	30b0aad2a85b8fe9c6c491cc3e981ab36123a4aa533e1eadc983b558e6340811	Exact source scan absent; page mapping and source verification blocked by M-100 and M-101
resources/suugaan/11-hubsiimo-laan.md	direct_transcription	SRC-SUU-011	Hubsiimo la'aan	Maxamed Guuleed Aadan (Seyga)	unknown	unknown	unknown	1968	Somali	unknown	not_available_in_workspace	unavailable	unresolved	unknown	unknown	blocked	unassigned	not_applicable	unknown	138286	34f5f8e7a27bc169f9cffea95ae3675f58fd8071dd81214a6bd7dab4d2b82fe8	Exact source scan absent; page mapping and source verification blocked by M-100 and M-101
resources/suugaan/12-bisaddii-bubaysta.md	direct_transcription	SRC-SUU-012	Bisaddii Bubaysta	Xasan Aw Daahir Qaalib (translator)	unknown	unknown	unknown	unknown	Somali	unknown	not_available_in_workspace	unavailable	unresolved	unknown	unknown	blocked	unassigned	not_applicable	unknown	216791	7356c0865b4799310b06ae7c29490b80fc0493828eadaa5c5291d4d26f58a6da	Exact source scan absent; page mapping and source verification blocked by M-100 and M-101
resources/suugaan/13-xeebtii-dahabka.md	direct_transcription	SRC-SUU-013	Xeebtii Dahabka iyo Waayihii Saxardiid	Xasan Aw Daahir Qaalib	unknown	unknown	unknown	1977	Somali	unknown	not_available_in_workspace	unavailable	unresolved	unknown	unknown	blocked	unassigned	not_applicable	unknown	99382	e5e25125899bcc5a2f17d5f249c57e76ea819a019dedc972cca1f4b5667d1a09	Exact source scan absent; page mapping and source verification blocked by M-100 and M-101
resources/suugaan/14-hal-karaan-hadrawi.md	direct_transcription	SRC-SUU-014	Hal-Karaan	Maxamed Ibraahim Warsame (Hadraawi)	unknown	unknown	unknown	unknown	Somali	unknown	not_available_in_workspace	unavailable	unresolved	unknown	unknown	blocked	unassigned	not_applicable	unknown	348529	3de282438095b79834b15ca05c652dc41dbb2de9e595b33572cf08543ed82e29	Exact source scan absent; page mapping and source verification blocked by M-100 and M-101
resources/suugaan/15-dugsiga-fasalka-1aad-1976.md	direct_transcription	SRC-SUU-015	Suugaan - Dugsiga Sare, Fasalka Koowaad	unknown	unknown	unknown	unknown	1976	Somali	unknown	not_available_in_workspace	unavailable	unresolved	unknown	unknown	blocked	unassigned	not_applicable	unknown	145605	00a7d27e613c5fb2ccdde645b4e2680b57b6f5292ee7168a4679b8b0854be759	Exact source scan absent; page mapping and source verification blocked by M-100 and M-101
resources/suugaan/16-dugsiga-fasalka-1aad-1983.md	direct_transcription	SRC-SUU-016	Suugaan - Fasalka Koowaad	unknown	unknown	unknown	unknown	1983	Somali	unknown	not_available_in_workspace	unavailable	unresolved	unknown	unknown	blocked	unassigned	not_applicable	unknown	157192	d21053ad8f8b04a3770a63ff98e924e8b7d3b9f65696a6fff0a9114e9ed43e9e	Exact source scan absent; page mapping and source verification blocked by M-100 and M-101
resources/suugaan/17-dugsiga-fasalka-4aad.md	direct_transcription	SRC-SUU-017	Suugaanta - Fasalka Afraad	unknown	unknown	unknown	unknown	unknown	Somali	unknown	not_available_in_workspace	unavailable	unresolved	unknown	unknown	blocked	unassigned	not_applicable	unknown	95096	57444131eed5c491184ff2c233dbdad86698bc1d76772405d4436076d550315a	Exact source scan absent; page mapping and source verification blocked by M-100 and M-101
resources/suugaan/18-dugsiga-fasalka-4aad-buugga.md	direct_transcription	SRC-SUU-018	Buugga Suugaanta - Dugsiga Sare, Fasalka Afraad	unknown	unknown	unknown	unknown	unknown	Somali	unknown	not_available_in_workspace	unavailable	unresolved	unknown	unknown	blocked	unassigned	not_applicable	unknown	147242	2736cc24c8c2ea74ed40a05122ade90139c20373e218d9e2c30e818609893aac	Exact source scan absent; page mapping and source verification blocked by M-100 and M-101
resources/suugaan/19-dugsiga-fasalka-5aad.md	direct_transcription	SRC-SUU-019	Suugaanta - Fasalka Shanaad	unknown	unknown	unknown	unknown	unknown	Somali	unknown	not_available_in_workspace	unavailable	unresolved	unknown	unknown	blocked	unassigned	not_applicable	unknown	105278	00b3d387d580de41964dfa16b0a02617af0234a65dfe8a77556a64c84b987d2c	Exact source scan absent; page mapping and source verification blocked by M-100 and M-101
resources/suugaan/20-suugaanta-carruurta.md	direct_transcription	SRC-SUU-020	Suugaanta Carruurta	Dahabo Faarax Xasan; Axmed Faarax Cali (Idaajaa)	unknown	unknown	unknown	1976	Somali	unknown	not_available_in_workspace	unavailable	unresolved	unknown	unknown	blocked	unassigned	not_applicable	unknown	232863	d38535c67ecf798f0c2893096044be17126792eab9e9144a62a1e946314ef136	Exact source scan absent; page mapping and source verification blocked by M-100 and M-101
resources/suugaan/21-suugaanta-dhallaanka.md	direct_transcription	SRC-SUU-021	Suugaanta dhallaanka	Aamina X. Aadan	unknown	unknown	unknown	1987	Somali	unknown	not_available_in_workspace	unavailable	unresolved	unknown	unknown	blocked	unassigned	not_applicable	unknown	55395	199539e5f9550ce20495bb7725975fdbefa46464ba001347fe581948bf114034	Exact source scan absent; page mapping and source verification blocked by M-100 and M-101
resources/suugaan/22-suugaanta-soomaaliyeed.md	direct_transcription	SRC-SUU-022	Suugaanta Soomaaliyeed	Maxamed Ibraahim Warsame (Hadraawi)	unknown	unknown	unknown	1992	Somali	unknown	not_available_in_workspace	unavailable	unresolved	unknown	unknown	blocked	unassigned	not_applicable	unknown	27569	c5c39e3d783d82ceeda618ae829d50c7401a2b7f4ed219f24e75912da15ebefe	Exact source scan absent; page mapping and source verification blocked by M-100 and M-101
resources/suugaan/23-ina-cabdille-xasan.md	direct_transcription	SRC-SUU-023	Ina Cabdille Xasan	Yaasiin Cismaan Keenadiid	unknown	unknown	unknown	1983	Somali	unknown	not_available_in_workspace	unavailable	unresolved	unknown	unknown	blocked	unassigned	not_applicable	unknown	209	e00441b2643aed40178a8d0d1a1d34b1474dbed91edfe5751d8d660e06fa3302	Exact source scan absent; page mapping and source verification blocked by M-100 and M-101
resources/suugaan/24-maanso-terminology.md	direct_transcription	SRC-SUU-024	Maanso Structure and Content (Chart A)	Ahmed Adan Ahmed	unknown	unknown	unknown	c. 1979-1980	English;Somali	unknown	not_available_in_workspace	unavailable	unresolved	unknown	unknown	blocked	unassigned	not_applicable	unknown	3374	3445ef7821766ff21976c77372e39b332e1b6dad6b0f13850ad6cb07ff6f7037	Exact source scan absent; page mapping and source verification blocked by M-100 and M-101
resources/suugaan/README.md	project_metadata	SRC-SLS-INTERNAL	Somali Language Standard project metadata	SLS maintainers	not_applicable	Somali Language Standard	not_applicable	2026	English;Somali	not_applicable	repository	git_object	project_license	not_applicable	not_applicable	derived	unassigned	not_applicable	not_applicable	3028	45a8ecc072139106070f482c045646beeca82c4e4309b5dc32d9f00bca778617	Project-authored collection metadata; not source-book text
resources/wordlists/00-sources.md	project_metadata	SRC-SLS-INTERNAL	Somali Language Standard project metadata	SLS maintainers	not_applicable	Somali Language Standard	not_applicable	2026	English;Somali	not_applicable	repository	git_object	project_license	not_applicable	not_applicable	derived	unassigned	not_applicable	not_applicable	1508	96c44c4477807f40a8fdd1b913002c3a9a87a4d299c32934a4fbb01dc835c7d0	Project-authored collection metadata; not source-book text
resources/wordlists/01-b.md	derived_headword_list	SRC-QAA-001	Qaamuuska Af-Soomaaliga	unknown	unknown	unknown	unknown	unknown	Somali;Italian;English	unknown	not_available_in_workspace	unavailable	unresolved	unknown	unknown	blocked	unassigned	not_applicable	unknown	40496	b84e9cea36cf1f4ffdb757913631137355efd944d07f1393d98aea97bd5e9b45	Derived file; blocked until its upstream transcription is authenticated and derivation is verified
resources/wordlists/02-t.md	derived_headword_list	SRC-QAA-001	Qaamuuska Af-Soomaaliga	unknown	unknown	unknown	unknown	unknown	Somali;Italian;English	unknown	not_available_in_workspace	unavailable	unresolved	unknown	unknown	blocked	unassigned	not_applicable	unknown	22030	91fe49e512f4e775ab7455f86946dcb1287bee83a2b07d039a0f1cb96fd6f84e	Derived file; blocked until its upstream transcription is authenticated and derivation is verified
resources/wordlists/03-j.md	derived_headword_list	SRC-QAA-001	Qaamuuska Af-Soomaaliga	unknown	unknown	unknown	unknown	unknown	Somali;Italian;English	unknown	not_available_in_workspace	unavailable	unresolved	unknown	unknown	blocked	unassigned	not_applicable	unknown	19123	3d2350e79970cd490f757b8e83e502041e7f35270d3b6a87715bd4d2b8fc4fce	Derived file; blocked until its upstream transcription is authenticated and derivation is verified
resources/wordlists/04-x.md	derived_headword_list	SRC-QAA-001	Qaamuuska Af-Soomaaliga	unknown	unknown	unknown	unknown	unknown	Somali;Italian;English	unknown	not_available_in_workspace	unavailable	unresolved	unknown	unknown	blocked	unassigned	not_applicable	unknown	22363	0545ee6252f2b94eab3c8878906096f2d8f2d427d813ab3e1ea1dd6bcc500c39	Derived file; blocked until its upstream transcription is authenticated and derivation is verified
resources/wordlists/05-kh.md	derived_headword_list	SRC-QAA-001	Qaamuuska Af-Soomaaliga	unknown	unknown	unknown	unknown	unknown	Somali;Italian;English	unknown	not_available_in_workspace	unavailable	unresolved	unknown	unknown	blocked	unassigned	not_applicable	unknown	4467	5fd0f1d61d6afff51e54215cb3bf5a22d7dc9b8eec6d69ea8575a9c801185435	Derived file; blocked until its upstream transcription is authenticated and derivation is verified
resources/wordlists/06-d.md	derived_headword_list	SRC-QAA-001	Qaamuuska Af-Soomaaliga	unknown	unknown	unknown	unknown	unknown	Somali;Italian;English	unknown	not_available_in_workspace	unavailable	unresolved	unknown	unknown	blocked	unassigned	not_applicable	unknown	47314	ac506bcca0eb26c0e2cd835d1e9aece809bfb1c21248f4290e59e923483ba30e	Derived file; blocked until its upstream transcription is authenticated and derivation is verified
resources/wordlists/07-r.md	derived_headword_list	SRC-QAA-001	Qaamuuska Af-Soomaaliga	unknown	unknown	unknown	unknown	unknown	Somali;Italian;English	unknown	not_available_in_workspace	unavailable	unresolved	unknown	unknown	blocked	unassigned	not_applicable	unknown	14085	4a8dabc5b209a0fe9d65399fa14bb361835a1ac4096ad9846c38d93c14f3507b	Derived file; blocked until its upstream transcription is authenticated and derivation is verified
resources/wordlists/08-s.md	derived_headword_list	SRC-QAA-001	Qaamuuska Af-Soomaaliga	unknown	unknown	unknown	unknown	unknown	Somali;Italian;English	unknown	not_available_in_workspace	unavailable	unresolved	unknown	unknown	blocked	unassigned	not_applicable	unknown	30915	a5ef45e3d7496a4c94984d17e5c8941492d2928c22ce4599a848f0588e712670	Derived file; blocked until its upstream transcription is authenticated and derivation is verified
resources/wordlists/09-sh.md	derived_headword_list	SRC-QAA-001	Qaamuuska Af-Soomaaliga	unknown	unknown	unknown	unknown	unknown	Somali;Italian;English	unknown	not_available_in_workspace	unavailable	unresolved	unknown	unknown	blocked	unassigned	not_applicable	unknown	12837	0a90ab838f5c3c27c02d8fb2002a47bf33a5760292216949534c00408dd3d9a9	Derived file; blocked until its upstream transcription is authenticated and derivation is verified
resources/wordlists/10-dh.md	derived_headword_list	SRC-QAA-001	Qaamuuska Af-Soomaaliga	unknown	unknown	unknown	unknown	unknown	Somali;Italian;English	unknown	not_available_in_workspace	unavailable	unresolved	unknown	unknown	blocked	unassigned	not_applicable	unknown	37248	ac0542c08031d2f1b9521332c586651f838e5066de484dccf8c14025ec8bdd5f	Derived file; blocked until its upstream transcription is authenticated and derivation is verified
resources/wordlists/11-c.md	derived_headword_list	SRC-QAA-001	Qaamuuska Af-Soomaaliga	unknown	unknown	unknown	unknown	unknown	Somali;Italian;English	unknown	not_available_in_workspace	unavailable	unresolved	unknown	unknown	blocked	unassigned	not_applicable	unknown	36624	fb5ea71117249af1681777a6b6a670295359e7f39f39fbba49b161513d935269	Derived file; blocked until its upstream transcription is authenticated and derivation is verified
resources/wordlists/12-g.md	derived_headword_list	SRC-QAA-001	Qaamuuska Af-Soomaaliga	unknown	unknown	unknown	unknown	unknown	Somali;Italian;English	unknown	not_available_in_workspace	unavailable	unresolved	unknown	unknown	blocked	unassigned	not_applicable	unknown	38736	01a0f637fc1eebbe297bbb2b6adf020e9d13b27c45fb2329896b03a4652fcc29	Derived file; blocked until its upstream transcription is authenticated and derivation is verified
resources/wordlists/13-f.md	derived_headword_list	SRC-QAA-001	Qaamuuska Af-Soomaaliga	unknown	unknown	unknown	unknown	unknown	Somali;Italian;English	unknown	not_available_in_workspace	unavailable	unresolved	unknown	unknown	blocked	unassigned	not_applicable	unknown	27582	e9ddeb97dbef2f43a2c52e35c8af5bb04fdc832ac673dc41a6e35dea201df2a9	Derived file; blocked until its upstream transcription is authenticated and derivation is verified
resources/wordlists/14-q.md	derived_headword_list	SRC-QAA-001	Qaamuuska Af-Soomaaliga	unknown	unknown	unknown	unknown	unknown	Somali;Italian;English	unknown	not_available_in_workspace	unavailable	unresolved	unknown	unknown	blocked	unassigned	not_applicable	unknown	32491	c9cd4d908dfad41875fb8b02a244aadedc9bec482d9c97d18c0d48092b4e0be1	Derived file; blocked until its upstream transcription is authenticated and derivation is verified
resources/wordlists/15-k.md	derived_headword_list	SRC-QAA-001	Qaamuuska Af-Soomaaliga	unknown	unknown	unknown	unknown	unknown	Somali;Italian;English	unknown	not_available_in_workspace	unavailable	unresolved	unknown	unknown	blocked	unassigned	not_applicable	unknown	23092	71b9bbd24047dbc27208bd18ba8e0eefd93c9b20d2f3a559ee43ea816f61e610	Derived file; blocked until its upstream transcription is authenticated and derivation is verified
resources/wordlists/16-l.md	derived_headword_list	SRC-QAA-001	Qaamuuska Af-Soomaaliga	unknown	unknown	unknown	unknown	unknown	Somali;Italian;English	unknown	not_available_in_workspace	unavailable	unresolved	unknown	unknown	blocked	unassigned	not_applicable	unknown	16983	0efe24e0aad7bd460d2a3558220d10cdff893c0fe70a1e8a946ce5efecfa7bc8	Derived file; blocked until its upstream transcription is authenticated and derivation is verified
resources/wordlists/17-m.md	derived_headword_list	SRC-QAA-001	Qaamuuska Af-Soomaaliga	unknown	unknown	unknown	unknown	unknown	Somali;Italian;English	unknown	not_available_in_workspace	unavailable	unresolved	unknown	unknown	blocked	unassigned	not_applicable	unknown	50659	1e11fc01a896496c45e2a991f21b6ca4465ac146d168460e30d19ab3050b4b9e	Derived file; blocked until its upstream transcription is authenticated and derivation is verified
resources/wordlists/18-n.md	derived_headword_list	SRC-QAA-001	Qaamuuska Af-Soomaaliga	unknown	unknown	unknown	unknown	unknown	Somali;Italian;English	unknown	not_available_in_workspace	unavailable	unresolved	unknown	unknown	blocked	unassigned	not_applicable	unknown	13269	ccfd7f82d22c96a877a666ee107bc505c21e890e57a1f3f7625dc3545b57ff40	Derived file; blocked until its upstream transcription is authenticated and derivation is verified
resources/wordlists/19-w.md	derived_headword_list	SRC-QAA-001	Qaamuuska Af-Soomaaliga	unknown	unknown	unknown	unknown	unknown	Somali;Italian;English	unknown	not_available_in_workspace	unavailable	unresolved	unknown	unknown	blocked	unassigned	not_applicable	unknown	14542	76d72cbd2fae5406e41ad3a46f9dd43671e9ffe7b83896a64555b362c37d67d0	Derived file; blocked until its upstream transcription is authenticated and derivation is verified
resources/wordlists/20-h.md	derived_headword_list	SRC-QAA-001	Qaamuuska Af-Soomaaliga	unknown	unknown	unknown	unknown	unknown	Somali;Italian;English	unknown	not_available_in_workspace	unavailable	unresolved	unknown	unknown	blocked	unassigned	not_applicable	unknown	34679	7ba731d01c99fcbbbc571a01ea2bbdcc4592240a2af5d655ec0725213beec8a9	Derived file; blocked until its upstream transcription is authenticated and derivation is verified
resources/wordlists/21-y.md	derived_headword_list	SRC-QAA-001	Qaamuuska Af-Soomaaliga	unknown	unknown	unknown	unknown	unknown	Somali;Italian;English	unknown	not_available_in_workspace	unavailable	unresolved	unknown	unknown	blocked	unassigned	not_applicable	unknown	3897	d1e6eecf1d0ecaa715eaee66054ad503a1805794f5bf1ae255553783489c33ba	Derived file; blocked until its upstream transcription is authenticated and derivation is verified
resources/wordlists/22-a.md	derived_headword_list	SRC-QAA-001	Qaamuuska Af-Soomaaliga	unknown	unknown	unknown	unknown	unknown	Somali;Italian;English	unknown	not_available_in_workspace	unavailable	unresolved	unknown	unknown	blocked	unassigned	not_applicable	unknown	27381	3f2a2d45f5ed0a14a6ecee7fbd79aa956fe6a4300ed731f2b599dce889568140	Derived file; blocked until its upstream transcription is authenticated and derivation is verified
resources/wordlists/23-e.md	derived_headword_list	SRC-QAA-001	Qaamuuska Af-Soomaaliga	unknown	unknown	unknown	unknown	unknown	Somali;Italian;English	unknown	not_available_in_workspace	unavailable	unresolved	unknown	unknown	blocked	unassigned	not_applicable	unknown	3029	6ba6a5b26c7146d2dd69835fe51840d8953568eecad12128ddfb3276c3223581	Derived file; blocked until its upstream transcription is authenticated and derivation is verified
resources/wordlists/24-i.md	derived_headword_list	SRC-QAA-001	Qaamuuska Af-Soomaaliga	unknown	unknown	unknown	unknown	unknown	Somali;Italian;English	unknown	not_available_in_workspace	unavailable	unresolved	unknown	unknown	blocked	unassigned	not_applicable	unknown	17118	f9031c12f57289adbf0eba52fc08a7432a276ba34003f7959e0be357dbe791ca	Derived file; blocked until its upstream transcription is authenticated and derivation is verified
resources/wordlists/25-o.md	derived_headword_list	SRC-QAA-001	Qaamuuska Af-Soomaaliga	unknown	unknown	unknown	unknown	unknown	Somali;Italian;English	unknown	not_available_in_workspace	unavailable	unresolved	unknown	unknown	blocked	unassigned	not_applicable	unknown	3283	90866d7a8da1b56b79bcf2eaf600b3ac5f32452aee3c0820231ba2820fb5224e	Derived file; blocked until its upstream transcription is authenticated and derivation is verified
resources/wordlists/26-u.md	derived_headword_list	SRC-QAA-001	Qaamuuska Af-Soomaaliga	unknown	unknown	unknown	unknown	unknown	Somali;Italian;English	unknown	not_available_in_workspace	unavailable	unresolved	unknown	unknown	blocked	unassigned	not_applicable	unknown	4944	04c258ecabc7c264568742d19679c4dce8058f6155448838e4c1ba84b503c0e5	Derived file; blocked until its upstream transcription is authenticated and derivation is verified
resources/wordlists/README.md	project_metadata	SRC-SLS-INTERNAL	Somali Language Standard project metadata	SLS maintainers	not_applicable	Somali Language Standard	not_applicable	2026	English;Somali	not_applicable	repository	git_object	project_license	not_applicable	not_applicable	derived	unassigned	not_applicable	not_applicable	1584	9b71ab6c27f65726e867da212c7f0048b02df6842cba38b8a6ae9257c7704726	Project-authored collection metadata; not source-book text
